"","hospital","ward","wardid","nurse","age","gender","experien","stress","wardtype","hospsize","expcon"
"1",1,1,11,1,36,0,11,7,0,2,1
"2",1,1,11,2,45,0,20,7,0,2,1
"3",1,1,11,3,32,0,7,7,0,2,1
"4",1,1,11,4,57,1,25,6,0,2,1
"5",1,1,11,5,46,1,22,6,0,2,1
"6",1,1,11,6,60,1,22,6,0,2,1
"7",1,1,11,7,23,1,13,6,0,2,1
"8",1,1,11,8,32,1,13,7,0,2,1
"9",1,1,11,9,60,0,17,7,0,2,1
"10",1,2,12,10,45,0,21,6,1,2,1
"11",1,2,12,11,57,1,24,6,1,2,1
"12",1,2,12,12,47,0,24,6,1,2,1
"13",1,2,12,13,32,1,14,6,1,2,1
"14",1,2,12,14,42,1,13,6,1,2,1
"15",1,2,12,15,42,1,17,6,1,2,1
"16",1,2,12,16,53,1,20,5,1,2,1
"17",1,2,12,17,60,0,28,5,1,2,1
"18",1,2,12,18,33,1,21,6,1,2,1
"19",1,3,13,19,64,1,22,5,0,2,0
"20",1,3,13,20,37,0,17,5,0,2,0
"21",1,3,13,21,23,1,7,4,0,2,0
"22",1,3,13,22,61,1,20,4,0,2,0
"23",1,3,13,23,58,1,24,4,0,2,0
"24",1,3,13,24,52,1,20,4,0,2,0
"25",1,3,13,25,28,0,6,5,0,2,0
"26",1,3,13,26,52,1,17,5,0,2,0
"27",1,3,13,27,43,0,20,4,0,2,0
"28",1,4,14,28,64,0,32,4,1,2,0
"29",1,4,14,29,47,0,17,5,1,2,0
"30",1,4,14,30,62,1,27,4,1,2,0
"31",1,4,14,31,39,1,11,5,1,2,0
"32",1,4,14,32,46,1,20,5,1,2,0
"33",1,4,14,33,58,1,22,4,1,2,0
"34",1,4,14,34,34,0,14,5,1,2,0
"35",1,4,14,35,41,0,10,5,1,2,0
"36",1,4,14,36,56,1,17,5,1,2,0
"37",2,1,21,37,39,1,20,4,0,1,1
"38",2,1,21,38,60,1,29,5,0,1,1
"39",2,1,21,39,57,1,25,5,0,1,1
"40",2,1,21,40,50,1,20,5,0,1,1
"41",2,1,21,41,29,1,8,5,0,1,1
"42",2,1,21,42,57,0,29,5,0,1,1
"43",2,1,21,43,51,1,20,5,0,1,1
"44",2,1,21,44,25,1,13,5,0,1,1
"45",2,1,21,45,27,1,10,5,0,1,1
"46",2,2,22,46,53,1,18,4,1,1,1
"47",2,2,22,47,42,0,24,5,1,1,1
"48",2,2,22,48,43,1,15,4,1,1,1
"49",2,2,22,49,24,0,6,5,1,1,1
"50",2,2,22,50,48,0,17,5,1,1,1
"51",2,2,22,51,60,0,18,5,1,1,1
"52",2,2,22,52,27,1,10,4,1,1,1
"53",2,2,22,53,61,0,25,5,1,1,1
"54",2,2,22,54,33,1,14,5,1,1,1
"55",2,3,23,55,47,0,20,5,0,1,0
"56",2,3,23,56,50,1,21,4,0,1,0
"57",2,3,23,57,38,1,15,4,0,1,0
"58",2,3,23,58,28,1,8,6,0,1,0
"59",2,3,23,59,33,1,11,5,0,1,0
"60",2,3,23,60,52,1,21,4,0,1,0
"61",2,3,23,61,53,0,17,6,0,1,0
"62",2,3,23,62,31,1,17,5,0,1,0
"63",2,3,23,63,27,1,13,4,0,1,0
"64",2,4,24,64,57,0,20,6,1,1,0
"65",2,4,24,65,47,1,20,5,1,1,0
"66",2,4,24,66,41,1,17,4,1,1,0
"67",2,4,24,67,64,1,28,4,1,1,0
"68",2,4,24,68,45,1,24,5,1,1,0
"69",2,4,24,69,42,0,20,5,1,1,0
"70",2,4,24,70,25,1,8,5,1,1,0
"71",2,4,24,71,34,1,18,5,1,1,0
"72",2,4,24,72,36,1,17,5,1,1,0
"73",3,1,31,73,55,1,25,4,0,0,1
"74",3,1,31,74,33,0,11,5,0,0,1
"75",3,1,31,75,51,1,21,4,0,0,1
"76",3,1,31,76,60,1,31,4,0,0,1
"77",3,1,31,77,24,1,7,4,0,0,1
"78",3,1,31,78,31,0,18,5,0,0,1
"79",3,1,31,79,58,1,21,4,0,0,1
"80",3,1,31,80,60,0,27,5,0,0,1
"81",3,1,31,81,29,0,14,5,0,0,1
"82",3,2,32,82,24,1,13,3,1,0,1
"83",3,2,32,83,24,1,10,4,1,0,1
"84",3,2,32,84,46,0,21,3,1,0,1
"85",3,2,32,85,43,1,25,3,1,0,1
"86",3,2,32,86,24,1,4,4,1,0,1
"87",3,2,32,87,45,0,18,4,1,0,1
"88",3,2,32,88,64,1,25,4,1,0,1
"89",3,2,32,89,25,1,4,5,1,0,1
"90",3,2,32,90,55,1,27,3,1,0,1
"91",3,3,33,91,42,1,18,5,0,0,0
"92",3,3,33,92,58,1,25,6,0,0,0
"93",3,3,33,93,64,1,20,6,0,0,0
"94",3,3,33,94,47,0,17,6,0,0,0
"95",3,3,33,95,25,1,7,5,0,0,0
"96",3,3,33,96,50,0,21,5,0,0,0
"97",3,3,33,97,42,1,14,5,0,0,0
"98",3,3,33,98,60,0,29,5,0,0,0
"99",3,3,33,99,33,1,20,5,0,0,0
"100",3,4,34,100,51,0,18,6,1,0,0
"101",3,4,34,101,27,1,11,6,1,0,0
"102",3,4,34,102,43,1,17,6,1,0,0
"103",3,4,34,103,45,1,15,6,1,0,0
"104",3,4,34,104,53,0,21,6,1,0,0
"105",3,4,34,105,53,0,21,6,1,0,0
"106",3,4,34,106,37,0,15,6,1,0,0
"107",3,4,34,107,25,1,10,7,1,0,0
"108",3,4,34,108,32,1,14,6,1,0,0
"109",3,4,34,109,46,1,20,6,1,0,0
"110",4,1,41,110,57,1,25,5,0,2,1
"111",4,1,41,111,27,1,11,6,0,2,1
"112",4,1,41,112,55,1,25,5,0,2,1
"113",4,1,41,113,51,0,20,6,0,2,1
"114",4,1,41,114,24,1,14,5,0,2,1
"115",4,1,41,115,56,1,20,5,0,2,1
"116",4,1,41,116,31,1,17,5,0,2,1
"117",4,1,41,117,46,0,17,6,0,2,1
"118",4,1,41,118,57,1,24,5,0,2,1
"119",4,1,41,119,42,1,18,5,0,2,1
"120",4,2,42,120,53,1,18,5,1,2,1
"121",4,2,42,121,48,1,22,5,1,2,1
"122",4,2,42,122,25,0,7,5,1,2,1
"123",4,2,42,123,37,1,13,4,1,2,1
"124",4,2,42,124,47,1,14,5,1,2,1
"125",4,2,42,125,29,1,7,5,1,2,1
"126",4,2,42,126,41,1,13,5,1,2,1
"127",4,2,42,127,31,1,18,4,1,2,1
"128",4,2,42,128,52,1,22,5,1,2,1
"129",4,2,42,129,36,1,20,3,1,2,1
"130",4,3,43,130,39,0,8,6,0,2,0
"131",4,3,43,131,62,1,25,5,0,2,0
"132",4,3,43,132,42,0,13,6,0,2,0
"133",4,3,43,133,51,1,24,6,0,2,0
"134",4,3,43,134,29,1,13,5,0,2,0
"135",4,3,43,135,25,1,10,6,0,2,0
"136",4,3,43,136,50,1,13,6,0,2,0
"137",4,3,43,137,23,1,4,6,0,2,0
"138",4,3,43,138,60,1,18,6,0,2,0
"139",4,4,44,139,43,1,21,5,1,2,0
"140",4,4,44,140,43,1,13,6,1,2,0
"141",4,4,44,141,27,1,13,5,1,2,0
"142",4,4,44,142,28,0,14,6,1,2,0
"143",4,4,44,143,36,0,17,7,1,2,0
"144",4,4,44,144,60,1,25,5,1,2,0
"145",4,4,44,145,64,1,25,5,1,2,0
"146",4,4,44,146,64,1,27,5,1,2,0
"147",4,4,44,147,61,1,25,6,1,2,0
"148",5,1,51,148,27,0,11,5,0,1,1
"149",5,1,51,149,32,1,7,6,0,1,1
"150",5,1,51,150,28,1,11,6,0,1,1
"151",5,1,51,151,64,1,24,6,0,1,1
"152",5,1,51,152,55,0,24,6,0,1,1
"153",5,1,51,153,46,1,14,6,0,1,1
"154",5,1,51,154,45,1,20,5,0,1,1
"155",5,1,51,155,23,1,13,5,0,1,1
"156",5,1,51,156,55,1,22,5,0,1,1
"157",5,2,52,157,60,1,22,5,1,1,1
"158",5,2,52,158,39,0,22,5,1,1,1
"159",5,2,52,159,24,1,10,6,1,1,1
"160",5,2,52,160,61,1,22,6,1,1,1
"161",5,2,52,161,28,1,11,6,1,1,1
"162",5,2,52,162,34,1,15,5,1,1,1
"163",5,2,52,163,34,0,7,6,1,1,1
"164",5,2,52,164,25,1,6,6,1,1,1
"165",5,2,52,165,39,0,14,6,1,1,1
"166",5,3,53,166,64,0,28,5,0,1,0
"167",5,3,53,167,60,0,28,5,0,1,0
"168",5,3,53,168,58,1,20,6,0,1,0
"169",5,3,53,169,58,1,24,5,0,1,0
"170",5,3,53,170,32,1,14,6,0,1,0
"171",5,3,53,171,41,1,20,5,0,1,0
"172",5,3,53,172,61,1,20,5,0,1,0
"173",5,3,53,173,47,1,21,6,0,1,0
"174",5,3,53,174,60,1,28,6,0,1,0
"175",5,4,54,175,56,1,14,7,1,1,0
"176",5,4,54,176,47,1,18,5,1,1,0
"177",5,4,54,177,31,1,8,5,1,1,0
"178",5,4,54,178,47,1,20,6,1,1,0
"179",5,4,54,179,51,1,21,6,1,1,0
"180",5,4,54,180,61,1,20,5,1,1,0
"181",5,4,54,181,50,0,24,5,1,1,0
"182",5,4,54,182,37,1,10,5,1,1,0
"183",5,4,54,183,23,1,14,4,1,1,0
"184",6,1,61,184,56,1,24,4,0,1,1
"185",6,1,61,185,45,1,13,5,0,1,1
"186",6,1,61,186,23,0,11,4,0,1,1
"187",6,1,61,187,48,1,11,4,0,1,1
"188",6,1,61,188,46,1,17,4,0,1,1
"189",6,1,61,189,64,1,28,4,0,1,1
"190",6,1,61,190,47,1,21,4,0,1,1
"191",6,1,61,191,56,1,24,5,0,1,1
"192",6,1,61,192,51,0,13,5,0,1,1
"193",6,2,62,193,28,1,8,4,1,1,1
"194",6,2,62,194,61,1,27,3,1,1,1
"195",6,2,62,195,41,1,17,4,1,1,1
"196",6,2,62,196,37,0,17,4,1,1,1
"197",6,2,62,197,25,1,8,3,1,1,1
"198",6,2,62,198,25,1,11,3,1,1,1
"199",6,2,62,199,50,1,15,4,1,1,1
"200",6,2,62,200,64,1,24,3,1,1,1
"201",6,2,62,201,38,0,11,4,1,1,1
"202",6,3,63,202,39,1,11,6,0,1,0
"203",6,3,63,203,43,1,14,5,0,1,0
"204",6,3,63,204,28,1,8,5,0,1,0
"205",6,3,63,205,33,1,15,5,0,1,0
"206",6,3,63,206,39,1,10,5,0,1,0
"207",6,3,63,207,46,1,22,5,0,1,0
"208",6,3,63,208,25,1,11,5,0,1,0
"209",6,3,63,209,52,1,18,5,0,1,0
"210",6,3,63,210,45,1,17,5,0,1,0
"211",6,4,64,211,52,1,15,6,1,1,0
"212",6,4,64,212,33,0,4,6,1,1,0
"213",6,4,64,213,25,1,8,5,1,1,0
"214",6,4,64,214,36,1,17,5,1,1,0
"215",6,4,64,215,50,1,21,5,1,1,0
"216",6,4,64,216,57,0,18,6,1,1,0
"217",6,4,64,217,43,1,20,5,1,1,0
"218",6,4,64,218,53,1,21,5,1,1,0
"219",6,4,64,219,62,1,20,5,1,1,0
"220",7,1,71,220,60,1,27,4,0,1,1
"221",7,1,71,221,62,1,22,5,0,1,1
"222",7,1,71,222,33,1,4,5,0,1,1
"223",7,1,71,223,33,1,20,5,0,1,1
"224",7,1,71,224,27,1,13,4,0,1,1
"225",7,1,71,225,61,1,28,4,0,1,1
"226",7,1,71,226,23,1,15,4,0,1,1
"227",7,1,71,227,38,1,21,5,0,1,1
"228",7,1,71,228,64,1,33,4,0,1,1
"229",7,1,71,229,64,0,32,4,0,1,1
"230",7,2,72,230,57,1,18,5,1,1,1
"231",7,2,72,231,25,1,4,5,1,1,1
"232",7,2,72,232,56,1,27,5,1,1,1
"233",7,2,72,233,43,0,21,5,1,1,1
"234",7,2,72,234,45,1,20,5,1,1,1
"235",7,2,72,235,23,1,6,4,1,1,1
"236",7,2,72,236,46,1,15,5,1,1,1
"237",7,2,72,237,37,1,20,4,1,1,1
"238",7,2,72,238,31,0,14,5,1,1,1
"239",7,2,72,239,29,1,7,5,1,1,1
"240",7,3,73,240,37,0,13,5,0,1,0
"241",7,3,73,241,61,0,25,5,0,1,0
"242",7,3,73,242,43,1,20,5,0,1,0
"243",7,3,73,243,39,1,17,4,0,1,0
"244",7,3,73,244,29,1,13,5,0,1,0
"245",7,3,73,245,52,1,20,5,0,1,0
"246",7,3,73,246,58,0,28,5,0,1,0
"247",7,3,73,247,34,0,15,5,0,1,0
"248",7,3,73,248,57,1,29,5,0,1,0
"249",7,3,73,249,37,1,8,5,0,1,0
"250",7,4,74,250,56,1,20,5,1,1,0
"251",7,4,74,251,32,0,8,5,1,1,0
"252",7,4,74,252,29,1,13,4,1,1,0
"253",7,4,74,253,29,0,10,5,1,1,0
"254",7,4,74,254,32,1,13,4,1,1,0
"255",7,4,74,255,25,1,11,5,1,1,0
"256",7,4,74,256,36,1,18,5,1,1,0
"257",7,4,74,257,45,1,14,4,1,1,0
"258",7,4,74,258,58,1,17,5,1,1,0
"259",7,4,74,259,52,0,25,5,1,1,0
"260",8,1,81,260,42,1,15,6,0,1,1
"261",8,1,81,261,31,1,8,6,0,1,1
"262",8,1,81,262,37,1,17,5,0,1,1
"263",8,1,81,263,47,1,25,4,0,1,1
"264",8,1,81,264,31,1,6,6,0,1,1
"265",8,1,81,265,38,0,13,6,0,1,1
"266",8,1,81,266,58,1,22,6,0,1,1
"267",8,1,81,267,31,1,13,5,0,1,1
"268",8,1,81,268,41,1,15,5,0,1,1
"269",8,1,81,269,62,1,17,6,0,1,1
"270",8,2,82,270,62,1,32,5,1,1,1
"271",8,2,82,271,24,1,13,5,1,1,1
"272",8,2,82,272,28,1,13,5,1,1,1
"273",8,2,82,273,58,1,20,5,1,1,1
"274",8,2,82,274,56,1,24,5,1,1,1
"275",8,2,82,275,50,1,21,4,1,1,1
"276",8,2,82,276,51,1,13,6,1,1,1
"277",8,2,82,277,24,1,8,6,1,1,1
"278",8,2,82,278,28,1,11,5,1,1,1
"279",8,2,82,279,43,1,14,5,1,1,1
"280",8,3,83,280,45,1,14,5,0,1,0
"281",8,3,83,281,61,1,27,5,0,1,0
"282",8,3,83,282,45,0,17,6,0,1,0
"283",8,3,83,283,41,0,18,5,0,1,0
"284",8,3,83,284,31,1,8,5,0,1,0
"285",8,3,83,285,32,1,14,5,0,1,0
"286",8,3,83,286,24,1,10,6,0,1,0
"287",8,3,83,287,57,1,24,4,0,1,0
"288",8,3,83,288,41,0,14,5,0,1,0
"289",8,3,83,289,58,0,15,7,0,1,0
"290",8,4,84,290,56,1,20,5,1,1,0
"291",8,4,84,291,51,1,18,5,1,1,0
"292",8,4,84,292,45,0,15,6,1,1,0
"293",8,4,84,293,32,0,13,5,1,1,0
"294",8,4,84,294,55,1,25,5,1,1,0
"295",8,4,84,295,53,1,21,5,1,1,0
"296",8,4,84,296,41,1,13,6,1,1,0
"297",8,4,84,297,47,1,18,5,1,1,0
"298",8,4,84,298,41,0,17,5,1,1,0
"299",8,4,84,299,28,0,14,5,1,1,0
"300",9,1,91,300,62,1,25,2,0,0,1
"301",9,1,91,301,34,1,13,2,0,0,1
"302",9,1,91,302,41,0,17,3,0,0,1
"303",9,1,91,303,31,0,14,3,0,0,1
"304",9,1,91,304,57,1,24,1,0,0,1
"305",9,1,91,305,60,0,24,3,0,0,1
"306",9,1,91,306,29,1,10,2,0,0,1
"307",9,1,91,307,46,1,14,3,0,0,1
"308",9,1,91,308,27,1,15,2,0,0,1
"309",9,1,91,309,50,1,17,3,0,0,1
"310",9,2,92,310,45,0,15,3,1,0,1
"311",9,2,92,311,34,1,10,3,1,0,1
"312",9,2,92,312,45,0,14,3,1,0,1
"313",9,2,92,313,39,0,14,3,1,0,1
"314",9,2,92,314,43,1,20,3,1,0,1
"315",9,2,92,315,28,1,14,3,1,0,1
"316",9,2,92,316,55,1,22,3,1,0,1
"317",9,2,92,317,32,1,4,3,1,0,1
"318",9,2,92,318,38,1,20,2,1,0,1
"319",9,2,92,319,36,1,10,3,1,0,1
"320",9,3,93,320,29,1,15,4,0,0,0
"321",9,3,93,321,48,1,18,5,0,0,0
"322",9,3,93,322,31,0,13,5,0,0,0
"323",9,3,93,323,37,1,15,4,0,0,0
"324",9,3,93,324,58,0,24,5,0,0,0
"325",9,3,93,325,31,1,17,4,0,0,0
"326",9,3,93,326,46,1,20,4,0,0,0
"327",9,3,93,327,60,1,20,5,0,0,0
"328",9,3,93,328,46,1,14,5,0,0,0
"329",9,3,93,329,57,0,22,5,0,0,0
"330",9,4,94,330,50,0,22,4,1,0,0
"331",9,4,94,331,64,0,25,5,1,0,0
"332",9,4,94,332,24,1,7,5,1,0,0
"333",9,4,94,333,37,1,17,5,1,0,0
"334",9,4,94,334,36,1,13,5,1,0,0
"335",9,4,94,335,58,1,20,4,1,0,0
"336",9,4,94,336,64,1,28,4,1,0,0
"337",9,4,94,337,34,1,17,4,1,0,0
"338",9,4,94,338,47,0,20,5,1,0,0
"339",9,4,94,339,43,1,20,4,1,0,0
"340",10,1,101,340,39,0,11,6,0,1,1
"341",10,1,101,341,43,1,14,5,0,1,1
"342",10,1,101,342,27,0,11,6,0,1,1
"343",10,1,101,343,27,1,13,5,0,1,1
"344",10,1,101,344,55,0,17,6,0,1,1
"345",10,1,101,345,61,0,24,5,0,1,1
"346",10,1,101,346,37,0,18,6,0,1,1
"347",10,1,101,347,36,1,20,4,0,1,1
"348",10,1,101,348,32,1,7,5,0,1,1
"349",10,1,101,349,47,0,20,5,0,1,1
"350",10,2,102,350,27,0,8,6,1,1,1
"351",10,2,102,351,42,0,21,5,1,1,1
"352",10,2,102,352,55,1,22,6,1,1,1
"353",10,2,102,353,45,1,20,5,1,1,1
"354",10,2,102,354,23,1,8,5,1,1,1
"355",10,2,102,355,58,1,20,6,1,1,1
"356",10,2,102,356,60,1,21,5,1,1,1
"357",10,2,102,357,58,1,20,5,1,1,1
"358",10,2,102,358,33,1,17,5,1,1,1
"359",10,2,102,359,50,1,15,5,1,1,1
"360",10,3,103,360,47,1,20,6,0,1,0
"361",10,3,103,361,23,1,6,6,0,1,0
"362",10,3,103,362,53,1,24,6,0,1,0
"363",10,3,103,363,27,1,8,6,0,1,0
"364",10,3,103,364,53,1,20,6,0,1,0
"365",10,3,103,365,37,1,13,6,0,1,0
"366",10,3,103,366,53,1,17,7,0,1,0
"367",10,3,103,367,52,1,21,6,0,1,0
"368",10,3,103,368,39,1,11,6,0,1,0
"369",10,3,103,369,48,1,20,6,0,1,0
"370",10,4,104,370,64,1,22,6,1,1,0
"371",10,4,104,371,42,1,15,5,1,1,0
"372",10,4,104,372,31,1,13,5,1,1,0
"373",10,4,104,373,34,1,10,6,1,1,0
"374",10,4,104,374,41,1,17,5,1,1,0
"375",10,4,104,375,47,1,22,5,1,1,0
"376",10,4,104,376,48,1,14,6,1,1,0
"377",10,4,104,377,29,0,13,6,1,1,0
"378",10,4,104,378,51,1,20,5,1,1,0
"379",10,4,104,379,48,0,21,6,1,1,0
"380",11,1,111,380,61,1,27,4,0,1,1
"381",11,1,111,381,23,1,6,4,0,1,1
"382",11,1,111,382,61,1,21,4,0,1,1
"383",11,1,111,383,50,0,24,5,0,1,1
"384",11,1,111,384,39,1,18,4,0,1,1
"385",11,1,111,385,37,0,17,4,0,1,1
"386",11,1,111,386,47,1,17,4,0,1,1
"387",11,1,111,387,24,0,13,4,0,1,1
"388",11,1,111,388,47,1,21,4,0,1,1
"389",11,1,111,389,23,0,13,4,0,1,1
"390",11,1,111,390,36,1,7,4,0,1,1
"391",11,2,112,391,41,1,15,5,1,1,1
"392",11,2,112,392,55,1,22,4,1,1,1
"393",11,2,112,393,56,1,25,4,1,1,1
"394",11,2,112,394,37,1,15,4,1,1,1
"395",11,2,112,395,39,0,13,5,1,1,1
"396",11,2,112,396,24,1,10,4,1,1,1
"397",11,2,112,397,56,1,21,5,1,1,1
"398",11,2,112,398,60,0,29,4,1,1,1
"399",11,2,112,399,42,1,18,4,1,1,1
"400",11,2,112,400,29,1,6,4,1,1,1
"401",11,2,112,401,39,1,8,4,1,1,1
"402",11,3,113,402,61,1,20,5,0,1,0
"403",11,3,113,403,37,1,13,5,0,1,0
"404",11,3,113,404,24,1,10,5,0,1,0
"405",11,3,113,405,31,1,13,5,0,1,0
"406",11,3,113,406,36,1,8,6,0,1,0
"407",11,3,113,407,47,1,22,5,0,1,0
"408",11,3,113,408,64,1,18,5,0,1,0
"409",11,3,113,409,47,0,25,5,0,1,0
"410",11,3,113,410,31,1,10,4,0,1,0
"411",11,3,113,411,55,1,20,5,0,1,0
"412",11,4,114,412,34,1,13,5,1,1,0
"413",11,4,114,413,29,1,14,5,1,1,0
"414",11,4,114,414,42,1,20,5,1,1,0
"415",11,4,114,415,42,0,17,5,1,1,0
"416",11,4,114,416,56,1,22,6,1,1,0
"417",11,4,114,417,57,1,27,5,1,1,0
"418",11,4,114,418,29,0,10,6,1,1,0
"419",11,4,114,419,33,1,10,6,1,1,0
"420",11,4,114,420,39,1,20,5,1,1,0
"421",11,4,114,421,62,1,21,6,1,1,0
"422",11,4,114,422,60,1,22,6,1,1,0
"423",12,1,121,423,56,0,18,5,0,1,1
"424",12,1,121,424,47,1,18,4,0,1,1
"425",12,1,121,425,34,1,14,4,0,1,1
"426",12,1,121,426,39,1,20,3,0,1,1
"427",12,1,121,427,50,0,22,4,0,1,1
"428",12,1,121,428,38,1,17,3,0,1,1
"429",12,1,121,429,50,1,21,3,0,1,1
"430",12,1,121,430,25,1,10,4,0,1,1
"431",12,1,121,431,34,1,14,4,0,1,1
"432",12,1,121,432,39,1,20,4,0,1,1
"433",12,1,121,433,42,1,20,4,0,1,1
"434",12,1,121,434,42,1,17,4,0,1,1
"435",12,2,122,435,39,1,13,4,1,1,1
"436",12,2,122,436,56,1,21,4,1,1,1
"437",12,2,122,437,56,0,25,5,1,1,1
"438",12,2,122,438,31,0,11,5,1,1,1
"439",12,2,122,439,58,0,21,5,1,1,1
"440",12,2,122,440,43,1,20,4,1,1,1
"441",12,2,122,441,58,1,28,4,1,1,1
"442",12,2,122,442,37,0,14,5,1,1,1
"443",12,2,122,443,25,1,7,5,1,1,1
"444",12,2,122,444,57,1,25,4,1,1,1
"445",12,2,122,445,52,1,20,5,1,1,1
"446",12,2,122,446,36,1,15,4,1,1,1
"447",12,2,122,447,24,1,13,5,1,1,1
"448",12,3,123,448,42,1,20,5,0,1,0
"449",12,3,123,449,60,0,27,5,0,1,0
"450",12,3,123,450,56,1,22,5,0,1,0
"451",12,3,123,451,55,0,24,6,0,1,0
"452",12,3,123,452,31,1,11,6,0,1,0
"453",12,3,123,453,32,1,17,5,0,1,0
"454",12,3,123,454,42,1,13,6,0,1,0
"455",12,3,123,455,32,1,14,5,0,1,0
"456",12,3,123,456,32,0,10,6,0,1,0
"457",12,3,123,457,57,0,28,5,0,1,0
"458",12,3,123,458,61,1,27,5,0,1,0
"459",12,3,123,459,41,1,20,6,0,1,0
"460",12,3,123,460,46,1,18,5,0,1,0
"461",12,4,124,461,51,0,21,6,1,1,0
"462",12,4,124,462,31,1,7,6,1,1,0
"463",12,4,124,463,56,1,22,6,1,1,0
"464",12,4,124,464,42,1,20,5,1,1,0
"465",12,4,124,465,45,0,14,7,1,1,0
"466",12,4,124,466,39,1,17,5,1,1,0
"467",12,4,124,467,46,1,18,6,1,1,0
"468",12,4,124,468,36,1,8,6,1,1,0
"469",12,4,124,469,42,0,15,6,1,1,0
"470",12,4,124,470,41,0,13,6,1,1,0
"471",12,4,124,471,37,1,13,6,1,1,0
"472",12,4,124,472,52,0,27,6,1,1,0
"473",12,4,124,473,42,0,22,6,1,1,0
"474",13,1,131,474,57,1,22,4,0,0,1
"475",13,1,131,475,62,1,27,3,0,0,1
"476",13,1,131,476,32,1,11,3,0,0,1
"477",13,1,131,477,56,1,20,3,0,0,1
"478",13,1,131,478,48,1,24,4,0,0,1
"479",13,1,131,479,33,1,20,3,0,0,1
"480",13,1,131,480,34,1,15,3,0,0,1
"481",13,1,131,481,61,1,21,4,0,0,1
"482",13,1,131,482,24,0,6,4,0,0,1
"483",13,1,131,483,31,1,13,4,0,0,1
"484",13,1,131,484,46,0,13,4,0,0,1
"485",13,1,131,485,27,1,4,5,0,0,1
"486",13,1,131,486,42,1,17,4,0,0,1
"487",13,2,132,487,62,1,24,3,1,0,1
"488",13,2,132,488,57,0,25,4,1,0,1
"489",13,2,132,489,31,1,15,3,1,0,1
"490",13,2,132,490,34,1,13,4,1,0,1
"491",13,2,132,491,57,1,21,3,1,0,1
"492",13,2,132,492,53,1,17,3,1,0,1
"493",13,2,132,493,47,1,20,4,1,0,1
"494",13,2,132,494,34,1,18,3,1,0,1
"495",13,2,132,495,47,1,15,4,1,0,1
"496",13,2,132,496,31,1,11,4,1,0,1
"497",13,2,132,497,25,0,10,5,1,0,1
"498",13,2,132,498,57,1,21,4,1,0,1
"499",13,2,132,499,47,1,14,4,1,0,1
"500",13,3,133,500,61,1,21,5,0,0,0
"501",13,3,133,501,27,0,10,6,0,0,0
"502",13,3,133,502,53,0,24,6,0,0,0
"503",13,3,133,503,34,1,10,6,0,0,0
"504",13,3,133,504,64,1,22,4,0,0,0
"505",13,3,133,505,34,1,11,5,0,0,0
"506",13,3,133,506,55,1,21,5,0,0,0
"507",13,3,133,507,43,1,18,5,0,0,0
"508",13,3,133,508,29,1,15,4,0,0,0
"509",13,3,133,509,45,1,17,5,0,0,0
"510",13,3,133,510,27,1,11,5,0,0,0
"511",13,3,133,511,47,1,17,5,0,0,0
"512",13,3,133,512,58,1,22,6,0,0,0
"513",13,4,134,513,45,1,15,5,1,0,0
"514",13,4,134,514,64,1,25,4,1,0,0
"515",13,4,134,515,55,1,17,5,1,0,0
"516",13,4,134,516,32,1,14,5,1,0,0
"517",13,4,134,517,29,1,8,5,1,0,0
"518",13,4,134,518,29,1,13,5,1,0,0
"519",13,4,134,519,48,0,11,6,1,0,0
"520",13,4,134,520,45,1,22,5,1,0,0
"521",13,4,134,521,43,1,24,5,1,0,0
"522",13,4,134,522,23,0,10,6,1,0,0
"523",13,4,134,523,60,1,25,5,1,0,0
"524",13,4,134,524,39,1,21,5,1,0,0
"525",13,4,134,525,45,1,13,6,1,0,0
"526",14,1,141,526,36,1,10,3,0,0,1
"527",14,1,141,527,45,1,20,4,0,0,1
"528",14,1,141,528,36,1,8,4,0,0,1
"529",14,1,141,529,42,0,10,5,0,0,1
"530",14,1,141,530,37,1,20,3,0,0,1
"531",14,1,141,531,41,0,15,4,0,0,1
"532",14,1,141,532,64,0,25,4,0,0,1
"533",14,1,141,533,58,1,25,3,0,0,1
"534",14,1,141,534,62,1,28,4,0,0,1
"535",14,1,141,535,32,1,7,4,0,0,1
"536",14,1,141,536,33,1,10,4,0,0,1
"537",14,1,141,537,25,0,6,4,0,0,1
"538",14,1,141,538,60,1,20,3,0,0,1
"539",14,2,142,539,38,0,13,5,1,0,1
"540",14,2,142,540,48,0,21,5,1,0,1
"541",14,2,142,541,45,1,20,3,1,0,1
"542",14,2,142,542,56,1,20,4,1,0,1
"543",14,2,142,543,46,1,20,4,1,0,1
"544",14,2,142,544,45,0,18,4,1,0,1
"545",14,2,142,545,37,1,14,4,1,0,1
"546",14,2,142,546,57,0,20,5,1,0,1
"547",14,2,142,547,62,0,27,4,1,0,1
"548",14,2,142,548,24,1,14,4,1,0,1
"549",14,2,142,549,61,0,22,4,1,0,1
"550",14,2,142,550,51,0,15,5,1,0,1
"551",14,2,142,551,33,1,8,4,1,0,1
"552",14,3,143,552,60,1,31,4,0,0,0
"553",14,3,143,553,36,0,11,6,0,0,0
"554",14,3,143,554,52,0,21,5,0,0,0
"555",14,3,143,555,56,1,29,5,0,0,0
"556",14,3,143,556,46,0,18,5,0,0,0
"557",14,3,143,557,50,1,21,5,0,0,0
"558",14,3,143,558,32,1,20,4,0,0,0
"559",14,3,143,559,45,0,11,6,0,0,0
"560",14,3,143,560,28,1,13,5,0,0,0
"561",14,3,143,561,51,1,20,5,0,0,0
"562",14,3,143,562,38,1,18,5,0,0,0
"563",14,3,143,563,55,0,22,5,0,0,0
"564",14,4,144,564,45,1,24,5,1,0,0
"565",14,4,144,565,32,1,17,5,1,0,0
"566",14,4,144,566,43,1,13,5,1,0,0
"567",14,4,144,567,24,0,11,5,1,0,0
"568",14,4,144,568,47,1,17,5,1,0,0
"569",14,4,144,569,47,1,21,5,1,0,0
"570",14,4,144,570,45,0,17,5,1,0,0
"571",14,4,144,571,52,1,28,4,1,0,0
"572",14,4,144,572,45,1,20,5,1,0,0
"573",14,4,144,573,62,1,28,5,1,0,0
"574",14,4,144,574,48,1,22,6,1,0,0
"575",14,4,144,575,50,1,15,5,1,0,0
"576",15,1,151,576,46,1,17,4,0,1,1
"577",15,1,151,577,61,0,28,5,0,1,1
"578",15,1,151,578,58,1,28,4,0,1,1
"579",15,1,151,579,51,1,24,3,0,1,1
"580",15,1,151,580,33,0,17,5,0,1,1
"581",15,1,151,581,24,1,13,4,0,1,1
"582",15,1,151,582,60,1,27,4,0,1,1
"583",15,1,151,583,43,1,11,4,0,1,1
"584",15,1,151,584,57,1,22,4,0,1,1
"585",15,1,151,585,33,1,15,4,0,1,1
"586",15,1,151,586,62,1,36,3,0,1,1
"587",15,1,151,587,61,0,29,4,0,1,1
"588",15,1,151,588,47,1,18,4,0,1,1
"589",15,2,152,589,60,0,22,6,1,1,1
"590",15,2,152,590,27,1,17,5,1,1,1
"591",15,2,152,591,24,1,6,6,1,1,1
"592",15,2,152,592,31,1,20,6,1,1,1
"593",15,2,152,593,55,1,25,5,1,1,1
"594",15,2,152,594,53,1,20,6,1,1,1
"595",15,2,152,595,23,1,6,6,1,1,1
"596",15,2,152,596,25,1,15,6,1,1,1
"597",15,2,152,597,27,1,8,6,1,1,1
"598",15,2,152,598,45,1,22,5,1,1,1
"599",15,2,152,599,52,1,25,5,1,1,1
"600",15,3,153,600,25,1,8,5,0,1,0
"601",15,3,153,601,37,1,14,6,0,1,0
"602",15,3,153,602,50,1,21,6,0,1,0
"603",15,3,153,603,41,1,11,6,0,1,0
"604",15,3,153,604,28,1,6,5,0,1,0
"605",15,3,153,605,50,1,17,6,0,1,0
"606",15,3,153,606,52,1,25,5,0,1,0
"607",15,3,153,607,23,1,6,5,0,1,0
"608",15,3,153,608,28,1,4,5,0,1,0
"609",15,3,153,609,24,0,10,5,0,1,0
"610",15,3,153,610,37,1,10,5,0,1,0
"611",15,4,154,611,56,1,27,5,1,1,0
"612",15,4,154,612,58,1,22,7,1,1,0
"613",15,4,154,613,36,0,18,6,1,1,0
"614",15,4,154,614,58,0,24,7,1,1,0
"615",15,4,154,615,41,1,14,6,1,1,0
"616",15,4,154,616,51,1,18,6,1,1,0
"617",15,4,154,617,34,0,18,6,1,1,0
"618",15,4,154,618,58,0,24,6,1,1,0
"619",15,4,154,619,37,1,17,6,1,1,0
"620",15,4,154,620,25,1,11,6,1,1,0
"621",15,4,154,621,45,1,18,5,1,1,0
"622",16,1,161,622,58,0,22,4,0,0,1
"623",16,1,161,623,28,0,6,5,0,0,1
"624",16,1,161,624,43,1,20,4,0,0,1
"625",16,1,161,625,38,1,18,4,0,0,1
"626",16,1,161,626,38,0,18,5,0,0,1
"627",16,1,161,627,37,1,10,5,0,0,1
"628",16,1,161,628,61,1,20,4,0,0,1
"629",16,1,161,629,64,1,28,4,0,0,1
"630",16,1,161,630,47,1,17,4,0,0,1
"631",16,1,161,631,39,1,18,3,0,0,1
"632",16,1,161,632,45,1,13,5,0,0,1
"633",16,2,162,633,34,1,10,5,1,0,1
"634",16,2,162,634,34,1,13,5,1,0,1
"635",16,2,162,635,52,1,21,6,1,0,1
"636",16,2,162,636,33,0,15,5,1,0,1
"637",16,2,162,637,50,1,21,5,1,0,1
"638",16,2,162,638,45,1,13,4,1,0,1
"639",16,2,162,639,31,1,10,5,1,0,1
"640",16,2,162,640,53,1,17,5,1,0,1
"641",16,2,162,641,28,0,7,5,1,0,1
"642",16,2,162,642,50,1,17,5,1,0,1
"643",16,2,162,643,58,1,21,5,1,0,1
"644",16,3,163,644,39,1,13,6,0,0,0
"645",16,3,163,645,42,1,24,5,0,0,0
"646",16,3,163,646,28,1,18,6,0,0,0
"647",16,3,163,647,43,0,18,6,0,0,0
"648",16,3,163,648,64,1,27,5,0,0,0
"649",16,3,163,649,47,0,25,6,0,0,0
"650",16,3,163,650,29,1,6,6,0,0,0
"651",16,3,163,651,56,1,29,6,0,0,0
"652",16,3,163,652,23,1,3,7,0,0,0
"653",16,4,164,653,28,1,10,5,1,0,0
"654",16,4,164,654,43,1,18,5,1,0,0
"655",16,4,164,655,60,1,25,5,1,0,0
"656",16,4,164,656,62,0,20,6,1,0,0
"657",16,4,164,657,34,1,15,5,1,0,0
"658",16,4,164,658,36,1,11,6,1,0,0
"659",16,4,164,659,51,1,22,6,1,0,0
"660",16,4,164,660,53,0,24,6,1,0,0
"661",16,4,164,661,58,1,25,6,1,0,0
"662",17,1,171,662,57,1,18,5,0,1,1
"663",17,1,171,663,23,1,10,5,0,1,1
"664",17,1,171,664,23,0,6,6,0,1,1
"665",17,1,171,665,36,1,8,5,0,1,1
"666",17,1,171,666,39,0,20,5,0,1,1
"667",17,1,171,667,33,1,17,5,0,1,1
"668",17,1,171,668,45,1,13,5,0,1,1
"669",17,1,171,669,50,1,17,5,0,1,1
"670",17,1,171,670,34,1,17,4,0,1,1
"671",17,2,172,671,64,0,28,5,1,1,1
"672",17,2,172,672,31,1,6,5,1,1,1
"673",17,2,172,673,61,1,27,5,1,1,1
"674",17,2,172,674,48,1,15,5,1,1,1
"675",17,2,172,675,34,0,17,5,1,1,1
"676",17,2,172,676,58,1,25,5,1,1,1
"677",17,2,172,677,42,1,15,5,1,1,1
"678",17,2,172,678,51,0,18,5,1,1,1
"679",17,2,172,679,28,0,13,6,1,1,1
"680",17,3,173,680,64,1,22,5,0,1,0
"681",17,3,173,681,58,1,22,4,0,1,0
"682",17,3,173,682,37,0,20,5,0,1,0
"683",17,3,173,683,43,1,15,4,0,1,0
"684",17,3,173,684,33,1,13,5,0,1,0
"685",17,3,173,685,62,1,24,5,0,1,0
"686",17,3,173,686,39,1,17,4,0,1,0
"687",17,3,173,687,55,0,21,5,0,1,0
"688",17,3,173,688,43,1,20,5,0,1,0
"689",17,4,174,689,61,0,25,5,1,1,0
"690",17,4,174,690,52,0,20,6,1,1,0
"691",17,4,174,691,45,1,20,5,1,1,0
"692",17,4,174,692,57,1,21,5,1,1,0
"693",17,4,174,693,32,1,14,5,1,1,0
"694",17,4,174,694,32,1,14,5,1,1,0
"695",17,4,174,695,34,1,15,5,1,1,0
"696",17,4,174,696,32,1,10,4,1,1,0
"697",17,4,174,697,56,1,24,4,1,1,0
"698",18,1,181,698,57,1,15,5,0,0,1
"699",18,1,181,699,61,1,29,3,0,0,1
"700",18,1,181,700,23,1,10,4,0,0,1
"701",18,1,181,701,24,1,10,4,0,0,1
"702",18,1,181,702,42,0,14,4,0,0,1
"703",18,1,181,703,24,1,8,5,0,0,1
"704",18,1,181,704,57,1,28,3,0,0,1
"705",18,1,181,705,27,1,10,4,0,0,1
"706",18,1,181,706,51,1,20,4,0,0,1
"707",18,2,182,707,58,1,20,4,1,0,1
"708",18,2,182,708,29,1,13,4,1,0,1
"709",18,2,182,709,42,1,14,4,1,0,1
"710",18,2,182,710,43,1,14,4,1,0,1
"711",18,2,182,711,32,1,15,4,1,0,1
"712",18,2,182,712,51,1,22,4,1,0,1
"713",18,2,182,713,47,1,21,4,1,0,1
"714",18,2,182,714,62,1,20,4,1,0,1
"715",18,2,182,715,61,0,24,5,1,0,1
"716",18,2,182,716,47,1,20,4,1,0,1
"717",18,3,183,717,37,1,17,6,0,0,0
"718",18,3,183,718,23,0,7,6,0,0,0
"719",18,3,183,719,27,1,13,4,0,0,0
"720",18,3,183,720,55,1,24,5,0,0,0
"721",18,3,183,721,25,1,8,6,0,0,0
"722",18,3,183,722,43,1,15,6,0,0,0
"723",18,3,183,723,52,1,14,5,0,0,0
"724",18,3,183,724,25,0,8,6,0,0,0
"725",18,3,183,725,50,1,15,5,0,0,0
"726",18,3,183,726,50,0,14,6,0,0,0
"727",18,4,184,727,58,1,22,5,1,0,0
"728",18,4,184,728,34,0,7,6,1,0,0
"729",18,4,184,729,43,0,18,6,1,0,0
"730",18,4,184,730,46,1,18,6,1,0,0
"731",18,4,184,731,42,1,15,5,1,0,0
"732",18,4,184,732,51,1,24,5,1,0,0
"733",18,4,184,733,46,1,15,6,1,0,0
"734",18,4,184,734,25,1,13,6,1,0,0
"735",18,4,184,735,29,1,17,5,1,0,0
"736",18,4,184,736,48,1,17,6,1,0,0
"737",19,1,191,737,53,1,20,6,0,2,1
"738",19,1,191,738,29,1,8,6,0,2,1
"739",19,1,191,739,51,1,20,5,0,2,1
"740",19,1,191,740,62,1,27,6,0,2,1
"741",19,1,191,741,29,1,13,6,0,2,1
"742",19,1,191,742,46,1,17,6,0,2,1
"743",19,1,191,743,48,0,18,7,0,2,1
"744",19,1,191,744,37,1,15,5,0,2,1
"745",19,1,191,745,25,1,10,5,0,2,1
"746",19,1,191,746,38,0,17,5,0,2,1
"747",19,2,192,747,24,1,11,5,1,2,1
"748",19,2,192,748,27,1,14,5,1,2,1
"749",19,2,192,749,45,0,15,6,1,2,1
"750",19,2,192,750,41,1,14,6,1,2,1
"751",19,2,192,751,38,1,17,5,1,2,1
"752",19,2,192,752,57,0,21,6,1,2,1
"753",19,2,192,753,45,1,15,5,1,2,1
"754",19,2,192,754,57,1,22,5,1,2,1
"755",19,2,192,755,25,1,1,7,1,2,1
"756",19,2,192,756,43,1,10,6,1,2,1
"757",19,3,193,757,45,0,15,7,0,2,0
"758",19,3,193,758,38,1,17,5,0,2,0
"759",19,3,193,759,46,1,13,6,0,2,0
"760",19,3,193,760,46,1,18,6,0,2,0
"761",19,3,193,761,41,1,21,6,0,2,0
"762",19,3,193,762,45,1,17,6,0,2,0
"763",19,3,193,763,37,0,22,6,0,2,0
"764",19,3,193,764,53,1,27,6,0,2,0
"765",19,3,193,765,39,1,14,6,0,2,0
"766",19,3,193,766,51,1,20,5,0,2,0
"767",19,4,194,767,32,1,11,6,1,2,0
"768",19,4,194,768,25,1,11,5,1,2,0
"769",19,4,194,769,23,0,8,6,1,2,0
"770",19,4,194,770,41,1,15,6,1,2,0
"771",19,4,194,771,55,0,24,6,1,2,0
"772",19,4,194,772,24,0,14,6,1,2,0
"773",19,4,194,773,55,1,20,5,1,2,0
"774",19,4,194,774,50,1,18,5,1,2,0
"775",19,4,194,775,62,1,24,6,1,2,0
"776",19,4,194,776,46,0,17,6,1,2,0
"777",20,1,201,777,48,0,20,4,0,0,1
"778",20,1,201,778,53,1,18,4,0,0,1
"779",20,1,201,779,56,0,28,4,0,0,1
"780",20,1,201,780,46,1,24,4,0,0,1
"781",20,1,201,781,56,0,21,4,0,0,1
"782",20,1,201,782,29,1,17,4,0,0,1
"783",20,1,201,783,36,1,8,4,0,0,1
"784",20,1,201,784,31,0,10,4,0,0,1
"785",20,1,201,785,53,1,27,4,0,0,1
"786",20,1,201,786,52,1,20,4,0,0,1
"787",20,2,202,787,47,1,25,4,1,0,1
"788",20,2,202,788,56,1,22,4,1,0,1
"789",20,2,202,789,25,1,7,4,1,0,1
"790",20,2,202,790,56,0,25,5,1,0,1
"791",20,2,202,791,61,1,20,5,1,0,1
"792",20,2,202,792,64,0,24,5,1,0,1
"793",20,2,202,793,41,1,20,5,1,0,1
"794",20,2,202,794,56,1,21,4,1,0,1
"795",20,2,202,795,37,1,17,4,1,0,1
"796",20,2,202,796,36,1,15,4,1,0,1
"797",20,3,203,797,41,0,15,7,0,0,0
"798",20,3,203,798,25,1,3,7,0,0,0
"799",20,3,203,799,62,1,32,6,0,0,0
"800",20,3,203,800,27,1,10,6,0,0,0
"801",20,3,203,801,29,0,15,6,0,0,0
"802",20,3,203,802,36,0,15,7,0,0,0
"803",20,3,203,803,58,1,22,6,0,0,0
"804",20,3,203,804,46,1,13,7,0,0,0
"805",20,3,203,805,37,1,14,6,0,0,0
"806",20,3,203,806,32,1,15,6,0,0,0
"807",20,4,204,807,64,1,27,6,1,0,0
"808",20,4,204,808,52,1,24,6,1,0,0
"809",20,4,204,809,31,0,8,7,1,0,0
"810",20,4,204,810,52,0,17,7,1,0,0
"811",20,4,204,811,47,1,21,6,1,0,0
"812",20,4,204,812,39,0,17,6,1,0,0
"813",20,4,204,813,45,0,15,7,1,0,0
"814",20,4,204,814,53,1,17,6,1,0,0
"815",20,4,204,815,51,1,21,6,1,0,0
"816",20,4,204,816,50,1,28,5,1,0,0
"817",21,1,211,817,34,0,14,3,0,0,1
"818",21,1,211,818,48,1,18,3,0,0,1
"819",21,1,211,819,32,1,8,3,0,0,1
"820",21,1,211,820,38,1,17,2,0,0,1
"821",21,1,211,821,34,0,15,3,0,0,1
"822",21,1,211,822,62,1,29,2,0,0,1
"823",21,1,211,823,31,1,14,2,0,0,1
"824",21,1,211,824,50,1,20,2,0,0,1
"825",21,1,211,825,47,1,15,3,0,0,1
"826",21,1,211,826,27,0,10,3,0,0,1
"827",21,2,212,827,61,1,18,3,1,0,1
"828",21,2,212,828,48,1,25,2,1,0,1
"829",21,2,212,829,64,1,24,3,1,0,1
"830",21,2,212,830,28,1,13,4,1,0,1
"831",21,2,212,831,36,1,8,4,1,0,1
"832",21,2,212,832,51,1,21,4,1,0,1
"833",21,2,212,833,55,1,22,3,1,0,1
"834",21,2,212,834,31,1,17,3,1,0,1
"835",21,2,212,835,28,1,6,3,1,0,1
"836",21,2,212,836,33,0,4,4,1,0,1
"837",21,3,213,837,38,1,18,5,0,0,0
"838",21,3,213,838,45,1,21,4,0,0,0
"839",21,3,213,839,28,0,10,6,0,0,0
"840",21,3,213,840,38,1,18,4,0,0,0
"841",21,3,213,841,46,0,22,4,0,0,0
"842",21,3,213,842,57,1,25,4,0,0,0
"843",21,3,213,843,42,1,20,4,0,0,0
"844",21,3,213,844,31,0,13,5,0,0,0
"845",21,3,213,845,37,1,14,5,0,0,0
"846",21,3,213,846,57,0,22,5,0,0,0
"847",21,4,214,847,42,1,22,3,1,0,0
"848",21,4,214,848,42,0,14,5,1,0,0
"849",21,4,214,849,60,1,24,5,1,0,0
"850",21,4,214,850,33,1,18,5,1,0,0
"851",21,4,214,851,48,1,18,5,1,0,0
"852",21,4,214,852,24,1,11,4,1,0,0
"853",21,4,214,853,37,0,17,5,1,0,0
"854",21,4,214,854,37,1,13,5,1,0,0
"855",21,4,214,855,28,1,8,4,1,0,0
"856",21,4,214,856,34,1,15,5,1,0,0
"857",22,1,221,857,33,0,14,6,0,1,1
"858",22,1,221,858,50,0,24,6,0,1,1
"859",22,1,221,859,31,1,14,5,0,1,1
"860",22,1,221,860,29,1,15,6,0,1,1
"861",22,1,221,861,61,1,24,6,0,1,1
"862",22,1,221,862,58,1,24,5,0,1,1
"863",22,1,221,863,48,1,17,5,0,1,1
"864",22,1,221,864,25,1,11,6,0,1,1
"865",22,1,221,865,34,1,17,5,0,1,1
"866",22,2,222,866,27,1,10,5,1,1,1
"867",22,2,222,867,23,1,6,5,1,1,1
"868",22,2,222,868,58,1,21,6,1,1,1
"869",22,2,222,869,48,1,21,5,1,1,1
"870",22,2,222,870,50,1,18,6,1,1,1
"871",22,2,222,871,45,0,15,5,1,1,1
"872",22,2,222,872,51,1,18,5,1,1,1
"873",22,2,222,873,53,0,27,5,1,1,1
"874",22,2,222,874,25,1,13,5,1,1,1
"875",22,3,223,875,50,0,24,5,0,1,0
"876",22,3,223,876,29,0,11,6,0,1,0
"877",22,3,223,877,64,0,27,5,0,1,0
"878",22,3,223,878,36,1,13,6,0,1,0
"879",22,3,223,879,56,1,28,4,0,1,0
"880",22,3,223,880,34,0,18,6,0,1,0
"881",22,3,223,881,61,1,28,5,0,1,0
"882",22,3,223,882,34,0,15,5,0,1,0
"883",22,3,223,883,58,0,29,5,0,1,0
"884",22,4,224,884,60,1,22,6,1,1,0
"885",22,4,224,885,39,1,20,5,1,1,0
"886",22,4,224,886,24,1,13,5,1,1,0
"887",22,4,224,887,34,1,14,5,1,1,0
"888",22,4,224,888,48,1,22,5,1,1,0
"889",22,4,224,889,28,0,13,6,1,1,0
"890",22,4,224,890,34,1,10,6,1,1,0
"891",22,4,224,891,42,0,18,6,1,1,0
"892",22,4,224,892,46,1,15,6,1,1,0
"893",23,1,231,893,38,1,15,6,0,2,1
"894",23,1,231,894,31,0,11,7,0,2,1
"895",23,1,231,895,24,1,8,6,0,2,1
"896",23,1,231,896,56,0,27,7,0,2,1
"897",23,1,231,897,23,1,6,7,0,2,1
"898",23,1,231,898,50,0,20,7,0,2,1
"899",23,1,231,899,27,1,6,7,0,2,1
"900",23,1,231,900,60,0,18,7,0,2,1
"901",23,1,231,901,23,1,7,6,0,2,1
"902",23,2,232,902,25,1,7,6,1,2,1
"903",23,2,232,903,24,1,11,5,1,2,1
"904",23,2,232,904,37,0,15,6,1,2,1
"905",23,2,232,905,56,1,18,6,1,2,1
"906",23,2,232,906,42,1,17,5,1,2,1
"907",23,2,232,907,39,0,17,6,1,2,1
"908",23,2,232,908,29,0,18,6,1,2,1
"909",23,2,232,909,64,1,28,5,1,2,1
"910",23,2,232,910,50,1,20,6,1,2,1
"911",23,3,233,911,36,1,13,6,0,2,0
"912",23,3,233,912,46,0,20,6,0,2,0
"913",23,3,233,913,56,1,20,6,0,2,0
"914",23,3,233,914,31,0,13,6,0,2,0
"915",23,3,233,915,56,1,27,5,0,2,0
"916",23,3,233,916,64,0,38,5,0,2,0
"917",23,3,233,917,47,0,24,6,0,2,0
"918",23,3,233,918,32,1,13,6,0,2,0
"919",23,3,233,919,41,1,15,6,0,2,0
"920",23,4,234,920,41,1,13,5,1,2,0
"921",23,4,234,921,34,0,14,5,1,2,0
"922",23,4,234,922,37,1,13,5,1,2,0
"923",23,4,234,923,48,1,20,5,1,2,0
"924",23,4,234,924,62,0,25,6,1,2,0
"925",23,4,234,925,38,1,11,5,1,2,0
"926",23,4,234,926,24,1,14,5,1,2,0
"927",23,4,234,927,25,1,1,5,1,2,0
"928",23,4,234,928,36,1,20,4,1,2,0
"929",24,1,241,929,23,1,15,4,0,0,1
"930",24,1,241,930,24,1,6,4,0,0,1
"931",24,1,241,931,60,1,20,4,0,0,1
"932",24,1,241,932,41,1,20,3,0,0,1
"933",24,1,241,933,28,1,10,4,0,0,1
"934",24,1,241,934,58,0,24,4,0,0,1
"935",24,1,241,935,24,1,8,4,0,0,1
"936",24,1,241,936,34,1,13,4,0,0,1
"937",24,1,241,937,33,1,20,3,0,0,1
"938",24,2,242,938,55,1,24,5,1,0,1
"939",24,2,242,939,43,0,20,5,1,0,1
"940",24,2,242,940,57,0,21,6,1,0,1
"941",24,2,242,941,31,1,11,5,1,0,1
"942",24,2,242,942,23,0,7,5,1,0,1
"943",24,2,242,943,37,1,17,5,1,0,1
"944",24,2,242,944,55,0,25,5,1,0,1
"945",24,2,242,945,58,1,22,5,1,0,1
"946",24,2,242,946,55,0,24,6,1,0,1
"947",24,3,243,947,47,0,15,6,0,0,0
"948",24,3,243,948,47,1,7,6,0,0,0
"949",24,3,243,949,28,1,10,6,0,0,0
"950",24,3,243,950,33,1,10,6,0,0,0
"951",24,3,243,951,32,0,17,6,0,0,0
"952",24,3,243,952,52,1,21,6,0,0,0
"953",24,3,243,953,34,1,10,6,0,0,0
"954",24,3,243,954,56,0,21,6,0,0,0
"955",24,3,243,955,42,1,18,6,0,0,0
"956",24,4,244,956,29,1,18,5,1,0,0
"957",24,4,244,957,28,1,14,6,1,0,0
"958",24,4,244,958,55,1,20,6,1,0,0
"959",24,4,244,959,37,1,15,5,1,0,0
"960",24,4,244,960,47,1,17,6,1,0,0
"961",24,4,244,961,48,1,18,6,1,0,0
"962",24,4,244,962,31,1,15,5,1,0,0
"963",24,4,244,963,25,1,8,6,1,0,0
"964",24,4,244,964,47,1,18,6,1,0,0
"965",25,1,251,965,51,1,21,5,0,1,1
"966",25,1,251,966,34,0,10,6,0,1,1
"967",25,1,251,967,62,1,27,5,0,1,1
"968",25,1,251,968,39,0,14,6,0,1,1
"969",25,1,251,969,46,1,17,5,0,1,1
"970",25,1,251,970,38,1,18,6,0,1,1
"971",25,1,251,971,36,1,13,5,0,1,1
"972",25,1,251,972,25,1,10,6,0,1,1
"973",25,1,251,973,42,1,14,5,0,1,1
"974",25,2,252,974,36,0,11,5,1,1,1
"975",25,2,252,975,32,0,15,5,1,1,1
"976",25,2,252,976,42,1,15,6,1,1,1
"977",25,2,252,977,36,1,15,6,1,1,1
"978",25,2,252,978,51,1,21,5,1,1,1
"979",25,2,252,979,52,1,22,5,1,1,1
"980",25,2,252,980,31,0,6,7,1,1,1
"981",25,2,252,981,25,0,14,5,1,1,1
"982",25,2,252,982,41,1,20,5,1,1,1
"983",25,3,253,983,29,1,17,5,0,1,0
"984",25,3,253,984,23,1,8,6,0,1,0
"985",25,3,253,985,23,0,15,6,0,1,0
"986",25,3,253,986,38,1,17,5,0,1,0
"987",25,3,253,987,28,0,8,6,0,1,0
"988",25,3,253,988,62,0,25,6,0,1,0
"989",25,3,253,989,45,1,15,6,0,1,0
"990",25,3,253,990,60,0,21,7,0,1,0
"991",25,3,253,991,34,1,7,6,0,1,0
"992",25,4,254,992,41,1,15,6,1,1,0
"993",25,4,254,993,27,1,11,5,1,1,0
"994",25,4,254,994,39,0,15,7,1,1,0
"995",25,4,254,995,33,1,8,6,1,1,0
"996",25,4,254,996,56,1,14,6,1,1,0
"997",25,4,254,997,29,1,10,6,1,1,0
"998",25,4,254,998,32,0,11,6,1,1,0
"999",25,4,254,999,34,0,14,6,1,1,0
"1000",25,4,254,1000,58,1,22,6,1,1,0
